-- 청림그룹사운드 플랫폼 데모/QA 시드 데이터
-- platform/src/lib/mock-data.ts 및 관련 컴포넌트 mock 배열(APPLICANTS_DEFAULT, INTERVIEW_DEFAULT, RECRUIT_DEFAULT, notifications SEED, report SEED)을 기준으로 생성됨.
-- 생성기: (일회성) scratchpad/gen-seed.js — 재실행 시 동일한 결정론적 UUID가 생성됨.

-- teams
insert into public.teams (id, name, hue, description, current_song, is_recruiting, is_active) values ('1003f556-17cf-40ad-aa2c-a4c88279d36f', '야간비행', '#5B8EC7', '잔잔한 인디 사운드를 지향하는 팀', '잔나비 — 주저하는 연인들을 위해', false, true);
insert into public.teams (id, name, hue, description, current_song, is_recruiting, is_active) values ('ae5abdbe-61c7-454a-a55b-976aec35f142', '오버드라이브', '#C77F4A', '드라이브 깊게 건 록 사운드', '실리카겔 — NO PAIN', true, true);
insert into public.teams (id, name, hue, description, current_song, is_recruiting, is_active) values ('5ad4b3a7-5593-4266-a093-48c495177d47', '청춘낙서', '#6FAF8A', '밝고 청량한 밴드팝', '데이식스 — 예뻤어', false, true);
insert into public.teams (id, name, hue, description, current_song, is_recruiting, is_active) values ('af8ffdaf-9c7b-4fb9-ad07-7ffb89f57169', '노이즈가든', '#C77A86', '몽환적인 무드의 사운드', '새소년 — 긴 꿈', true, true);
insert into public.teams (id, name, hue, description, current_song, is_recruiting, is_active) values ('ae1b7613-4756-4932-ab86-b1ae8ce3da93', '리버브', '#8B7FC7', '레트로 시티팝 감성', '혁오 — TOMBOY', false, true);
insert into public.teams (id, name, hue, description, current_song, is_recruiting, is_active) values ('d4b87e86-3898-4046-adf4-cf05a71b391c', '스테레오타입', '#5FA9A6', '세션 모집 중 — 보컬/건반 환영', NULL, true, false);
insert into public.teams (id, name, hue, description, current_song, is_recruiting, is_active) values ('79652751-d013-4506-a19f-399d421ada0c', '페이드아웃', '#5B8EC7', '서정적인 얼터너티브 록', '터치드 — 그날의 우리', false, true);
insert into public.teams (id, name, hue, description, current_song, is_recruiting, is_active) values ('6e51bf59-7754-4493-aac4-a91429c8500a', '할로윈', '#C77A86', '어둡고 강렬한 무대 지향', '쏜애플 — 시퍼렇게', true, true);
insert into public.teams (id, name, hue, description, current_song, is_recruiting, is_active) values ('d79131bf-bcb8-4043-a90a-c2556568c299', '블랭크', '#6FAF8A', '세션 모집 중 — 보컬/건반 환영', NULL, true, false);

-- users
insert into public.users (id, name, nick, gen, session, dept, phone, phone_private, bio, status, role, admin_role, team_id, team_role, whitelist, probation_started_at, joined_at) values ('94ec4e08-13e4-48d2-a7c7-d0d20e739961', '김도현', '도형', 18, ARRAY['기타']::text[], '실용음악과', '010-2000-1000', true, '타임이 생명인 멜디 라인을 좋아합니다.', 'ACTIVE', 'ADMIN', '회장', '1003f556-17cf-40ad-aa2c-a4c88279d36f', 'leader', false, NULL, '2024-03-01');
insert into public.users (id, name, nick, gen, session, dept, phone, phone_private, bio, status, role, admin_role, team_id, team_role, whitelist, probation_started_at, joined_at) values ('8a15cfc4-e30d-4e04-ac7b-279139d5c4f3', '이서연', '서니', 19, ARRAY['보컬']::text[], '국어국문학과', '010-2037-1053', false, '합주실에서 살다십피 살아요.', 'ACTIVE', NULL, NULL, '1003f556-17cf-40ad-aa2c-a4c88279d36f', 'member', true, NULL, '2025-03-01');
insert into public.users (id, name, nick, gen, session, dept, phone, phone_private, bio, status, role, admin_role, team_id, team_role, whitelist, probation_started_at, joined_at) values ('efe23c13-0424-48fd-ad97-23c4fbbdd475', '박지훈', NULL, 18, ARRAY['드럼']::text[], '기계공학과', '010-2074-1106', false, '무대 위에서 가장 행복한 사람.', 'ACTIVE', 'SUPER_ADMIN', NULL, 'ae5abdbe-61c7-454a-a55b-976aec35f142', 'member', true, NULL, '2024-03-01');
insert into public.users (id, name, nick, gen, session, dept, phone, phone_private, bio, status, role, admin_role, team_id, team_role, whitelist, probation_started_at, joined_at) values ('f65b761d-f85b-4c13-aa0b-0e035d77f723', '최유진', '유즈', 20, ARRAY['건반']::text[], '작곡과', '010-2111-1159', true, '조용한 인디포크부터 거친 록까지 다 좋아해요.', 'ACTIVE', NULL, NULL, 'af8ffdaf-9c7b-4fb9-ad07-7ffb89f57169', 'leader', false, NULL, '2026-03-01');
insert into public.users (id, name, nick, gen, session, dept, phone, phone_private, bio, status, role, admin_role, team_id, team_role, whitelist, probation_started_at, joined_at) values ('959536c5-c590-45ea-ac41-218d600057d0', '정민재', NULL, 19, ARRAY['베이스']::text[], '경영학과', '010-2148-1212', false, '연습량이 실력을 만든다고 믿어요.', 'PROBATION', NULL, NULL, 'af8ffdaf-9c7b-4fb9-ad07-7ffb89f57169', 'vice', false, '2025-03-01', '2025-03-01');
insert into public.users (id, name, nick, gen, session, dept, phone, phone_private, bio, status, role, admin_role, team_id, team_role, whitelist, probation_started_at, joined_at) values ('5a77a124-3403-43e6-a150-dcc248b65fbd', '강하늘', '하늘', 20, ARRAY['기타','보컬']::text[], '시각디자인과', '010-2185-1265', false, '새로운 곡 파보는 게 제일 재미있어요.', 'ACTIVE', NULL, NULL, '1003f556-17cf-40ad-aa2c-a4c88279d36f', 'vice', true, NULL, '2026-03-01');
insert into public.users (id, name, nick, gen, session, dept, phone, phone_private, bio, status, role, admin_role, team_id, team_role, whitelist, probation_started_at, joined_at) values ('f1dfb42e-be13-4f37-af73-fdfc2f9dbb85', '윤서아', '아라', 21, ARRAY['보컬']::text[], '심리학과', '010-2222-1318', true, '멤버 모집 중! 함께 합주해요.', 'ACTIVE', NULL, NULL, '5ad4b3a7-5593-4266-a093-48c495177d47', 'leader', false, NULL, '2026-03-01');
insert into public.users (id, name, nick, gen, session, dept, phone, phone_private, bio, status, role, admin_role, team_id, team_role, whitelist, probation_started_at, joined_at) values ('8c00c7b5-ce8e-4f51-ad35-5643e0f0fe0d', '임준호', '준', 18, ARRAY['드럼']::text[], '전자공학과', '010-2259-1371', false, '언제든 세션 질문 환영입니다.', 'ACTIVE', 'ADMIN', '총무', 'd4b87e86-3898-4046-adf4-cf05a71b391c', 'leader', false, NULL, '2024-03-01');
insert into public.users (id, name, nick, gen, session, dept, phone, phone_private, bio, status, role, admin_role, team_id, team_role, whitelist, probation_started_at, joined_at) values ('4597fd77-01bd-4779-a459-b936dbd17f79', '한지민', NULL, 20, ARRAY['건반','보컬']::text[], '성악과', '010-2296-1424', false, '타임이 생명인 멜디 라인을 좋아합니다.', 'ACTIVE', NULL, NULL, 'ae1b7613-4756-4932-ab86-b1ae8ce3da93', 'vice', false, NULL, '2026-03-01');
insert into public.users (id, name, nick, gen, session, dept, phone, phone_private, bio, status, role, admin_role, team_id, team_role, whitelist, probation_started_at, joined_at) values ('914c2193-f614-480c-af42-971880514f27', '오세훈', '세훈', 19, ARRAY['기타']::text[], '신문방송학과', '010-2333-1477', true, '합주실에서 살다십피 살아요.', 'ACTIVE', NULL, NULL, 'ae5abdbe-61c7-454a-a55b-976aec35f142', 'leader', true, NULL, '2025-03-01');
insert into public.users (id, name, nick, gen, session, dept, phone, phone_private, bio, status, role, admin_role, team_id, team_role, whitelist, probation_started_at, joined_at) values ('c3ed48dc-0477-43a0-aac1-6f2b84b57a00', '신예은', '예니', 21, ARRAY['베이스']::text[], '화학과', '010-2370-1530', false, '무대 위에서 가장 행복한 사람.', 'ACTIVE', NULL, NULL, '5ad4b3a7-5593-4266-a093-48c495177d47', 'vice', false, NULL, '2026-03-01');
insert into public.users (id, name, nick, gen, session, dept, phone, phone_private, bio, status, role, admin_role, team_id, team_role, whitelist, probation_started_at, joined_at) values ('b8f4cd06-bc1e-403d-abfb-017ed782a63b', '배수빈', NULL, 21, ARRAY['보컬','건반']::text[], '사회학과', '010-2407-1583', false, '조용한 인디포크부터 거친 록까지 다 좋아해요.', 'ACTIVE', NULL, NULL, '79652751-d013-4506-a19f-399d421ada0c', 'vice', false, NULL, '2026-03-01');
insert into public.users (id, name, nick, gen, session, dept, phone, phone_private, bio, status, role, admin_role, team_id, team_role, whitelist, probation_started_at, joined_at) values ('7fda8e5c-0710-4038-a245-e6f91196b35b', '조현우', '우디', 19, ARRAY['기타']::text[], '건축학과', '010-2444-1636', true, '연습량이 실력을 만든다고 믿어요.', 'ACTIVE', NULL, NULL, 'ae5abdbe-61c7-454a-a55b-976aec35f142', 'vice', false, NULL, '2025-03-01');
insert into public.users (id, name, nick, gen, session, dept, phone, phone_private, bio, status, role, admin_role, team_id, team_role, whitelist, probation_started_at, joined_at) values ('4103bbfd-32a7-4d73-a500-feaa5fd516ce', '문가영', '가비', 20, ARRAY['드럼']::text[], '무용과', '010-2481-1689', false, '새로운 곡 파보는 게 제일 재미있어요.', 'ACTIVE', NULL, NULL, 'ae1b7613-4756-4932-ab86-b1ae8ce3da93', 'leader', true, NULL, '2026-03-01');
insert into public.users (id, name, nick, gen, session, dept, phone, phone_private, bio, status, role, admin_role, team_id, team_role, whitelist, probation_started_at, joined_at) values ('7079bdf9-004d-45d5-adc7-e18a32975347', '김민준', '민준', 22, ARRAY['건반']::text[], '실용음악과', '010-2518-1742', false, '멤버 모집 중! 함께 합주해요.', 'PROBATION', NULL, NULL, NULL, NULL, false, '2026-03-01', '2026-03-01');
insert into public.users (id, name, nick, gen, session, dept, phone, phone_private, bio, status, role, admin_role, team_id, team_role, whitelist, probation_started_at, joined_at) values ('c2e0a1b1-7adc-4f3e-a863-319662f593e3', '이서윤', NULL, 18, ARRAY['보컬']::text[], '컴퓨터공학과', '010-2555-1795', true, '언제든 세션 질문 환영입니다.', 'ACTIVE', NULL, NULL, '5ad4b3a7-5593-4266-a093-48c495177d47', 'member', false, NULL, '2024-03-01');
insert into public.users (id, name, nick, gen, session, dept, phone, phone_private, bio, status, role, admin_role, team_id, team_role, whitelist, probation_started_at, joined_at) values ('ed0ae484-f193-4b24-ab23-3e130bdf4e1b', '박도윤', NULL, 19, ARRAY['기타','드럼']::text[], '경영학과', '010-2592-1848', false, '타임이 생명인 멜디 라인을 좋아합니다.', 'ACTIVE', NULL, NULL, 'af8ffdaf-9c7b-4fb9-ad07-7ffb89f57169', 'member', false, NULL, '2025-03-01');
insert into public.users (id, name, nick, gen, session, dept, phone, phone_private, bio, status, role, admin_role, team_id, team_role, whitelist, probation_started_at, joined_at) values ('063eac2f-d6d8-47c8-ad9d-8ae26097cab4', '최지우', '지우', 20, ARRAY['베이스']::text[], '시각디자인과', '010-2629-1901', false, '합주실에서 살다십피 살아요.', 'INACTIVE', NULL, NULL, 'ae1b7613-4756-4932-ab86-b1ae8ce3da93', 'member', true, NULL, '2026-03-01');
insert into public.users (id, name, nick, gen, session, dept, phone, phone_private, bio, status, role, admin_role, team_id, team_role, whitelist, probation_started_at, joined_at) values ('b69585b1-d2e5-4923-ae17-1ea8786311c6', '정하준', NULL, 21, ARRAY['드럼']::text[], '심리학과', '010-2666-1954', true, '무대 위에서 가장 행복한 사람.', 'ACTIVE', 'ADMIN', '부회장', '79652751-d013-4506-a19f-399d421ada0c', 'member', false, NULL, '2026-03-01');
insert into public.users (id, name, nick, gen, session, dept, phone, phone_private, bio, status, role, admin_role, team_id, team_role, whitelist, probation_started_at, joined_at) values ('4e8e0321-8391-45b5-af59-a38b73916ece', '강수아', NULL, 22, ARRAY['건반']::text[], '전자공학과', '010-2703-2007', false, '조용한 인디포크부터 거친 록까지 다 좋아해요.', 'ACTIVE', NULL, NULL, NULL, NULL, false, NULL, '2026-03-01');
insert into public.users (id, name, nick, gen, session, dept, phone, phone_private, bio, status, role, admin_role, team_id, team_role, whitelist, probation_started_at, joined_at) values ('395ce013-0da3-442d-a5b5-f86c9a08e03e', '조지호', '지호', 18, ARRAY['보컬']::text[], '신문방송학과', '010-2740-2060', false, '연습량이 실력을 만든다고 믿어요.', 'ACTIVE', NULL, NULL, '6e51bf59-7754-4493-aac4-a91429c8500a', 'member', false, NULL, '2024-03-01');
insert into public.users (id, name, nick, gen, session, dept, phone, phone_private, bio, status, role, admin_role, team_id, team_role, whitelist, probation_started_at, joined_at) values ('4975b10f-9ad6-47be-a629-aee0d1877e03', '윤하은', NULL, 19, ARRAY['기타']::text[], '화학과', '010-2777-2113', true, '새로운 곡 파보는 게 제일 재미있어요.', 'ACTIVE', NULL, NULL, '1003f556-17cf-40ad-aa2c-a4c88279d36f', 'member', true, NULL, '2025-03-01');
insert into public.users (id, name, nick, gen, session, dept, phone, phone_private, bio, status, role, admin_role, team_id, team_role, whitelist, probation_started_at, joined_at) values ('dc54eeab-a9ad-4603-af2a-3121ac9dfc26', '장지훈', NULL, 20, ARRAY['베이스','건반']::text[], '사회학과', '010-2814-2166', false, '멤버 모집 중! 함께 합주해요.', 'ACTIVE', NULL, NULL, 'ae5abdbe-61c7-454a-a55b-976aec35f142', 'member', false, NULL, '2026-03-01');
insert into public.users (id, name, nick, gen, session, dept, phone, phone_private, bio, status, role, admin_role, team_id, team_role, whitelist, probation_started_at, joined_at) values ('346c97c5-1246-4316-abf3-e34d046e1b35', '임수빈', '수빈', 21, ARRAY['드럼']::text[], '건축학과', '010-2851-2219', false, '언제든 세션 질문 환영입니다.', 'ACTIVE', NULL, NULL, '5ad4b3a7-5593-4266-a093-48c495177d47', 'member', false, NULL, '2026-03-01');
insert into public.users (id, name, nick, gen, session, dept, phone, phone_private, bio, status, role, admin_role, team_id, team_role, whitelist, probation_started_at, joined_at) values ('04c9e363-1511-409f-a1a2-dec01b8b71d9', '한준서', NULL, 22, ARRAY['건반']::text[], '영어영문학과', '010-2888-2272', true, '타임이 생명인 멜디 라인을 좋아합니다.', 'PROBATION', NULL, NULL, NULL, NULL, false, '2026-03-01', '2026-03-01');
insert into public.users (id, name, nick, gen, session, dept, phone, phone_private, bio, status, role, admin_role, team_id, team_role, whitelist, probation_started_at, joined_at) values ('231af393-7b9b-4c36-a14d-939e8cb5e9de', '오지유', NULL, 18, ARRAY['보컬']::text[], '법학과', '010-2925-2325', false, '합주실에서 살다십피 살아요.', 'ACTIVE', NULL, NULL, 'af8ffdaf-9c7b-4fb9-ad07-7ffb89f57169', 'member', true, NULL, '2024-03-01');
insert into public.users (id, name, nick, gen, session, dept, phone, phone_private, bio, status, role, admin_role, team_id, team_role, whitelist, probation_started_at, joined_at) values ('ff236d49-e572-4d51-a06b-98adbf46c8c7', '서예준', '예준', 19, ARRAY['기타']::text[], '체육교육과', '010-2962-2378', false, '무대 위에서 가장 행복한 사람.', 'ACTIVE', NULL, NULL, 'ae1b7613-4756-4932-ab86-b1ae8ce3da93', 'member', false, NULL, '2025-03-01');
insert into public.users (id, name, nick, gen, session, dept, phone, phone_private, bio, status, role, admin_role, team_id, team_role, whitelist, probation_started_at, joined_at) values ('e12a8de3-8413-40b1-acd3-e31d0750dac8', '신채원', NULL, 20, ARRAY['베이스']::text[], '회계학과', '010-2999-2431', true, '조용한 인디포크부터 거친 록까지 다 좋아해요.', 'INACTIVE', NULL, NULL, '79652751-d013-4506-a19f-399d421ada0c', 'member', false, NULL, '2026-03-01');
insert into public.users (id, name, nick, gen, session, dept, phone, phone_private, bio, status, role, admin_role, team_id, team_role, whitelist, probation_started_at, joined_at) values ('a267cf6c-59a2-4625-af5a-1fddf12dce14', '권시우', NULL, 21, ARRAY['드럼','보컬']::text[], '국어국문학과', '010-3036-2484', false, '연습량이 실력을 만든다고 믿어요.', 'ACTIVE', NULL, NULL, '6e51bf59-7754-4493-aac4-a91429c8500a', 'member', false, NULL, '2026-03-01');
insert into public.users (id, name, nick, gen, session, dept, phone, phone_private, bio, status, role, admin_role, team_id, team_role, whitelist, probation_started_at, joined_at) values ('34a8a5ed-6f30-4d30-a274-1f1f2b973f1c', '황다은', '다은', 22, ARRAY['건반']::text[], '기계공학과', '010-3073-2537', false, '새로운 곡 파보는 게 제일 재미있어요.', 'ACTIVE', NULL, NULL, NULL, NULL, true, NULL, '2026-03-01');
insert into public.users (id, name, nick, gen, session, dept, phone, phone_private, bio, status, role, admin_role, team_id, team_role, whitelist, probation_started_at, joined_at) values ('5cbe27e5-b87c-4a69-a2ae-25e0c0aaea9c', '안건우', NULL, 18, ARRAY['보컬']::text[], '산업디자인과', '010-3110-2590', true, '멤버 모집 중! 함께 합주해요.', 'ACTIVE', NULL, NULL, '1003f556-17cf-40ad-aa2c-a4c88279d36f', 'member', false, NULL, '2024-03-01');
insert into public.users (id, name, nick, gen, session, dept, phone, phone_private, bio, status, role, admin_role, team_id, team_role, whitelist, probation_started_at, joined_at) values ('d44b089a-7bc0-44a4-a5e7-7c51b521af5c', '송유나', NULL, 19, ARRAY['기타']::text[], '생명과학과', '010-3147-2643', false, '언제든 세션 질문 환영입니다.', 'ACTIVE', NULL, NULL, 'ae5abdbe-61c7-454a-a55b-976aec35f142', 'member', false, NULL, '2025-03-01');
insert into public.users (id, name, nick, gen, session, dept, phone, phone_private, bio, status, role, admin_role, team_id, team_role, whitelist, probation_started_at, joined_at) values ('ae4f44f8-a7dd-4ee1-ad7d-96e892ce41c4', '전우진', '우진', 20, ARRAY['베이스']::text[], '실용음악과', '010-3184-2696', false, '타임이 생명인 멜디 라인을 좋아합니다.', 'ACTIVE', NULL, NULL, '5ad4b3a7-5593-4266-a093-48c495177d47', 'member', false, NULL, '2026-03-01');
insert into public.users (id, name, nick, gen, session, dept, phone, phone_private, bio, status, role, admin_role, team_id, team_role, whitelist, probation_started_at, joined_at) values ('8d057192-075d-486d-ac17-a13c1b217715', '홍소율', NULL, 21, ARRAY['드럼']::text[], '컴퓨터공학과', '010-3221-2749', true, '합주실에서 살다십피 살아요.', 'ACTIVE', NULL, NULL, 'af8ffdaf-9c7b-4fb9-ad07-7ffb89f57169', 'member', true, NULL, '2026-03-01');
insert into public.users (id, name, nick, gen, session, dept, phone, phone_private, bio, status, role, admin_role, team_id, team_role, whitelist, probation_started_at, joined_at) values ('1a0039cd-eaf5-457e-aba2-167d91f28327', '문현우', NULL, 22, ARRAY['건반','기타']::text[], '경영학과', '010-3258-2802', false, '무대 위에서 가장 행복한 사람.', 'PROBATION', NULL, NULL, NULL, NULL, false, '2026-03-01', '2026-03-01');
insert into public.users (id, name, nick, gen, session, dept, phone, phone_private, bio, status, role, admin_role, team_id, team_role, whitelist, probation_started_at, joined_at) values ('df4f6661-0472-4ec3-aac0-b4f008a8af2f', '양지아', '지아', 18, ARRAY['보컬']::text[], '시각디자인과', '010-3295-2855', false, '조용한 인디포크부터 거친 록까지 다 좋아해요.', 'ACTIVE', NULL, NULL, 'ae1b7613-4756-4932-ab86-b1ae8ce3da93', 'member', false, NULL, '2024-03-01');
insert into public.users (id, name, nick, gen, session, dept, phone, phone_private, bio, status, role, admin_role, team_id, team_role, whitelist, probation_started_at, joined_at) values ('40250ee8-cefe-4a77-aa33-3b672153e12c', '배선우', NULL, 19, ARRAY['기타']::text[], '심리학과', '010-3332-2908', true, '연습량이 실력을 만든다고 믿어요.', 'ACTIVE', NULL, NULL, '79652751-d013-4506-a19f-399d421ada0c', 'member', false, NULL, '2025-03-01');
insert into public.users (id, name, nick, gen, session, dept, phone, phone_private, bio, status, role, admin_role, team_id, team_role, whitelist, probation_started_at, joined_at) values ('ef3e40cd-6411-4e60-a4bb-d9ea660f8151', '백예린', NULL, 20, ARRAY['베이스']::text[], '전자공학과', '010-3369-2961', false, '새로운 곡 파보는 게 제일 재미있어요.', 'INACTIVE', NULL, NULL, '6e51bf59-7754-4493-aac4-a91429c8500a', 'member', true, NULL, '2026-03-01');
insert into public.users (id, name, nick, gen, session, dept, phone, phone_private, bio, status, role, admin_role, team_id, team_role, whitelist, probation_started_at, joined_at) values ('610cd702-ab13-4fcc-a090-ac2e0ac266dd', '허연우', '연우', 21, ARRAY['드럼']::text[], '신문방송학과', '010-3406-3014', false, '멤버 모집 중! 함께 합주해요.', 'ACTIVE', NULL, NULL, '1003f556-17cf-40ad-aa2c-a4c88279d36f', 'member', false, NULL, '2026-03-01');
insert into public.users (id, name, nick, gen, session, dept, phone, phone_private, bio, status, role, admin_role, team_id, team_role, whitelist, probation_started_at, joined_at) values ('0f6f0e80-2a85-469f-a88a-9b6555b77fc0', '남다인', NULL, 22, ARRAY['건반']::text[], '화학과', '010-3443-3067', true, '언제든 세션 질문 환영입니다.', 'ACTIVE', NULL, NULL, NULL, NULL, false, NULL, '2026-03-01');
insert into public.users (id, name, nick, gen, session, dept, phone, phone_private, bio, status, role, admin_role, team_id, team_role, whitelist, probation_started_at, joined_at) values ('de8dd179-9787-4a6f-a98c-98e37ab27035', '심민서', NULL, 18, ARRAY['보컬','베이스']::text[], '사회학과', '010-3480-3120', false, '타임이 생명인 멜디 라인을 좋아합니다.', 'ACTIVE', NULL, NULL, 'ae5abdbe-61c7-454a-a55b-976aec35f142', 'member', false, NULL, '2024-03-01');
insert into public.users (id, name, nick, gen, session, dept, phone, phone_private, bio, status, role, admin_role, team_id, team_role, whitelist, probation_started_at, joined_at) values ('7368105e-1b45-4566-ac78-4fb935f20a2c', '노지원', '지원', 19, ARRAY['기타']::text[], '건축학과', '010-3517-3173', false, '합주실에서 살다십피 살아요.', 'ACTIVE', NULL, NULL, '5ad4b3a7-5593-4266-a093-48c495177d47', 'member', true, NULL, '2025-03-01');
insert into public.users (id, name, nick, gen, session, dept, phone, phone_private, bio, status, role, admin_role, team_id, team_role, whitelist, probation_started_at, joined_at) values ('8fc5e71e-e1bb-41b2-afcd-eb97c9f988be', '하정우', NULL, 20, ARRAY['베이스']::text[], '영어영문학과', '010-3554-3226', true, '무대 위에서 가장 행복한 사람.', 'ACTIVE', NULL, NULL, 'af8ffdaf-9c7b-4fb9-ad07-7ffb89f57169', 'member', false, NULL, '2026-03-01');
insert into public.users (id, name, nick, gen, session, dept, phone, phone_private, bio, status, role, admin_role, team_id, team_role, whitelist, probation_started_at, joined_at) values ('0e9354bf-3119-4eec-a656-47a4ce1aed1b', '구시은', NULL, 21, ARRAY['드럼']::text[], '법학과', '010-3591-3279', false, '조용한 인디포크부터 거친 록까지 다 좋아해요.', 'ACTIVE', NULL, NULL, 'ae1b7613-4756-4932-ab86-b1ae8ce3da93', 'member', false, NULL, '2026-03-01');
insert into public.users (id, name, nick, gen, session, dept, phone, phone_private, bio, status, role, admin_role, team_id, team_role, whitelist, probation_started_at, joined_at) values ('ff8eb69d-069f-4649-a7d7-1109629cdd56', '구윤서', '윤서', 22, ARRAY['건반']::text[], '체육교육과', '010-3628-3332', false, '연습량이 실력을 만든다고 믿어요.', 'PROBATION', NULL, NULL, NULL, NULL, false, '2026-03-01', '2026-03-01');
insert into public.users (id, name, nick, gen, session, dept, phone, phone_private, bio, status, role, admin_role, team_id, team_role, whitelist, probation_started_at, joined_at) values ('643d1852-7d19-4ff8-abfa-eb30b0810e4f', '류승현', NULL, 18, ARRAY['보컬']::text[], '회계학과', '010-3665-3385', true, '새로운 곡 파보는 게 제일 재미있어요.', 'ACTIVE', NULL, NULL, '79652751-d013-4506-a19f-399d421ada0c', 'member', true, NULL, '2024-03-01');
insert into public.users (id, name, nick, gen, session, dept, phone, phone_private, bio, status, role, admin_role, team_id, team_role, whitelist, probation_started_at, joined_at) values ('1cfe8cc0-1947-4cfa-af59-c9f28d15cfbf', '김지환', NULL, 19, ARRAY['기타','드럼']::text[], '국어국문학과', '010-3702-3438', false, '멤버 모집 중! 함께 합주해요.', 'ACTIVE', NULL, NULL, '6e51bf59-7754-4493-aac4-a91429c8500a', 'member', false, NULL, '2025-03-01');
insert into public.users (id, name, nick, gen, session, dept, phone, phone_private, bio, status, role, admin_role, team_id, team_role, whitelist, probation_started_at, joined_at) values ('0204fd4d-cb39-4947-aea8-ea3a469af189', '이하린', '하린', 20, ARRAY['베이스']::text[], '기계공학과', '010-3739-3491', false, '언제든 세션 질문 환영입니다.', 'INACTIVE', NULL, NULL, '1003f556-17cf-40ad-aa2c-a4c88279d36f', 'member', false, NULL, '2026-03-01');

-- member_warnings
insert into public.member_warnings (user_id, reason, issued_by, created_at) values ('959536c5-c590-45ea-ac41-218d600057d0', '회비 납부 지연', '8c00c7b5-ce8e-4f51-ad35-5643e0f0fe0d', '2026-04-30');
insert into public.member_warnings (user_id, reason, issued_by, created_at) values ('b8f4cd06-bc1e-403d-abfb-017ed782a63b', '공지 미확인으로 공연 리허설 불참', '94ec4e08-13e4-48d2-a7c7-d0d20e739961', '2026-05-28');
insert into public.member_warnings (user_id, reason, issued_by, created_at) values ('b8f4cd06-bc1e-403d-abfb-017ed782a63b', '합주실 예약 노쇼 1회', '94ec4e08-13e4-48d2-a7c7-d0d20e739961', '2026-05-20');

-- officer_history
insert into public.officer_history (id, role, year, member_id, name, gen) values ('327c5c21-36d3-4331-afef-4558a246573e', '회장', '2026', '94ec4e08-13e4-48d2-a7c7-d0d20e739961', '김도현', 18);
insert into public.officer_history (id, role, year, member_id, name, gen) values ('b36eaa49-1c49-40d4-a6e0-a6463dff1879', '부회장', '2026', 'b69585b1-d2e5-4923-ae17-1ea8786311c6', '정하준', 21);
insert into public.officer_history (id, role, year, member_id, name, gen) values ('bbc3590b-f002-4696-a101-cf2b515fccbc', '총무', '2026', '8c00c7b5-ce8e-4f51-ad35-5643e0f0fe0d', '임준호', 18);
insert into public.officer_history (id, role, year, member_id, name, gen) values ('e8aaa141-363a-448b-a30e-c199d4982779', '회장', '2025', NULL, '이규민', 17);
insert into public.officer_history (id, role, year, member_id, name, gen) values ('48e19f3b-cf67-4e4f-aa3d-a228bf68d9d3', '부회장', '2025', NULL, '박서현', 18);
insert into public.officer_history (id, role, year, member_id, name, gen) values ('c952cd25-c68e-4008-a135-5cf900263616', '총무', '2025', NULL, '최다인', 17);
insert into public.officer_history (id, role, year, member_id, name, gen) values ('3c2d9c4b-5107-4355-a6e7-edce853230c8', '회장', '2024', NULL, '강태오', 16);
insert into public.officer_history (id, role, year, member_id, name, gen) values ('2833c8c4-3477-489b-a94e-5274af25fab0', '부회장', '2024', NULL, '윤소민', 17);
insert into public.officer_history (id, role, year, member_id, name, gen) values ('35bb02fb-1d50-4ac6-a1bf-939e4250be84', '총무', '2024', NULL, '한지원', 16);

-- generation_leaders
insert into public.generation_leaders (gen, member_id, name) values (18, '94ec4e08-13e4-48d2-a7c7-d0d20e739961', '도형');
insert into public.generation_leaders (gen, member_id, name) values (19, '914c2193-f614-480c-af42-971880514f27', '세훈');
insert into public.generation_leaders (gen, member_id, name) values (20, 'f65b761d-f85b-4c13-aa0b-0e035d77f723', '유즈');
insert into public.generation_leaders (gen, member_id, name) values (21, 'f1dfb42e-be13-4f37-af73-fdfc2f9dbb85', '아라');
insert into public.generation_leaders (gen, member_id, name) values (22, '7079bdf9-004d-45d5-adc7-e18a32975347', '민준');

-- interview_slots
insert into public.interview_slots (id, slot_date, start_time, end_time, capacity, note, created_by, created_at) values ('3cc0127d-7ef2-4f16-a19d-d54a2740be67', '2026-09-14', '18:00', '18:20', 1, NULL, '94ec4e08-13e4-48d2-a7c7-d0d20e739961', '2026-08-20 10:00:00');
insert into public.interview_slots (id, slot_date, start_time, end_time, capacity, note, created_by, created_at) values ('82144d30-d5c3-44e2-a2ad-b8e3c6e03544', '2026-09-14', '18:30', '18:50', 1, NULL, '94ec4e08-13e4-48d2-a7c7-d0d20e739961', '2026-08-20 10:00:00');
insert into public.interview_slots (id, slot_date, start_time, end_time, capacity, note, created_by, created_at) values ('0c7de28c-322e-472a-ae52-51f4756b10a8', '2026-09-14', '19:00', '19:20', 1, NULL, '94ec4e08-13e4-48d2-a7c7-d0d20e739961', '2026-08-20 10:00:00');
insert into public.interview_slots (id, slot_date, start_time, end_time, capacity, note, created_by, created_at) values ('c7df9b2a-7eef-4f1b-a968-7ec484099a7c', '2026-09-15', '19:00', '19:30', 2, '그룹 면접', '94ec4e08-13e4-48d2-a7c7-d0d20e739961', '2026-08-20 10:00:00');
insert into public.interview_slots (id, slot_date, start_time, end_time, capacity, note, created_by, created_at) values ('fdbd022a-f7d3-4aff-aa07-ee0861e135e7', '2026-09-15', '19:30', '20:00', 2, '그룹 면접', '94ec4e08-13e4-48d2-a7c7-d0d20e739961', '2026-08-20 10:00:00');

-- applications
insert into public.applications (id, kakao_id, name, session, dept, phone, message, avatar_source, status, slot_id, notified, notified_at, applied_at, updated_at) values ('b70b19c8-f5b9-4388-a35e-cd0ac8e58b6b', 'doyoon_k', '김도윤', ARRAY['보컬']::text[], '경영학과 21', '010-2345-6789', '무대에서 노래할 때가 가장 행복합니다. 인디록부터 발라드까지 폭넓게 소화할 수 있어요. 꼭 함께하고 싶습니다.', 'kakao', 'new', NULL, false, NULL, '2026-09-10 21:14:00', '2026-09-10 21:14:00');
insert into public.applications (id, kakao_id, name, session, dept, phone, message, avatar_source, status, slot_id, notified, notified_at, applied_at, updated_at) values ('79f7eba9-ed30-4a35-af15-397bfed0493f', 'seojin.lee', '이서진', ARRAY['기타','베이스']::text[], '컴퓨터공학과 22', '010-3456-7890', '펀크록과 모던록을 좋아합니다. 리듬·리드 기타 모두 가능하고 베이스도 칠 수 있어요. 합주라면 자신 있습니다!', 'kakao', 'interview', 'c7df9b2a-7eef-4f1b-a968-7ec484099a7c', false, NULL, '2026-09-11 14:02:00', '2026-09-11 14:02:00');
insert into public.applications (id, kakao_id, name, session, dept, phone, message, avatar_source, status, slot_id, notified, notified_at, applied_at, updated_at) values ('0a2e3d6a-6011-49cc-a6b6-5f6f22660574', 'haneul_drum', '박하늘', ARRAY['드럼']::text[], '실용음악과 21', '010-4567-8901', '드럼 하나는 정말 자신 있습니다. 정기공연 무대에 꼭 서고 싶어서 지원했어요.', 'kakao', 'pass', '3cc0127d-7ef2-4f16-a19d-d54a2740be67', true, '2026-09-13 11:20:00', '2026-09-09 19:30:00', '2026-09-13 11:20:00');
insert into public.applications (id, kakao_id, name, session, dept, phone, message, avatar_source, status, slot_id, notified, notified_at, applied_at, updated_at) values ('bfba984a-1162-48d4-adc0-385aa141c00a', 'yuna_c', '최유나', ARRAY['건반','보컬']::text[], '영어영문학과 23', '010-5678-9012', '클래식 피아노를 오래 쳤고 밴드 건반에 도전해보고 싶습니다. 코러스도 가능해요!', 'kakao', 'new', NULL, false, NULL, '2026-09-11 22:48:00', '2026-09-11 22:48:00');
insert into public.applications (id, kakao_id, name, session, dept, phone, message, avatar_source, status, slot_id, notified, notified_at, applied_at, updated_at) values ('ff7843da-4a00-4148-aac3-db21d1052960', 'minho_j', '정민호', ARRAY['기타']::text[], '기계공학과 20', '010-6789-0123', '실력은 아직 부족하지만 열정만큼은 누구에게도 지지 않습니다. 열심히 배우겠습니다.', 'kakao', 'fail', NULL, false, NULL, '2026-09-08 16:10:00', '2026-09-08 16:10:00');

-- application_slot_preferences
insert into public.application_slot_preferences (application_id, slot_id) values ('b70b19c8-f5b9-4388-a35e-cd0ac8e58b6b', '3cc0127d-7ef2-4f16-a19d-d54a2740be67');
insert into public.application_slot_preferences (application_id, slot_id) values ('b70b19c8-f5b9-4388-a35e-cd0ac8e58b6b', '0c7de28c-322e-472a-ae52-51f4756b10a8');
insert into public.application_slot_preferences (application_id, slot_id) values ('79f7eba9-ed30-4a35-af15-397bfed0493f', 'c7df9b2a-7eef-4f1b-a968-7ec484099a7c');
insert into public.application_slot_preferences (application_id, slot_id) values ('79f7eba9-ed30-4a35-af15-397bfed0493f', 'fdbd022a-f7d3-4aff-aa07-ee0861e135e7');
insert into public.application_slot_preferences (application_id, slot_id) values ('0a2e3d6a-6011-49cc-a6b6-5f6f22660574', '3cc0127d-7ef2-4f16-a19d-d54a2740be67');
insert into public.application_slot_preferences (application_id, slot_id) values ('0a2e3d6a-6011-49cc-a6b6-5f6f22660574', '82144d30-d5c3-44e2-a2ad-b8e3c6e03544');
insert into public.application_slot_preferences (application_id, slot_id) values ('bfba984a-1162-48d4-adc0-385aa141c00a', '0c7de28c-322e-472a-ae52-51f4756b10a8');
insert into public.application_slot_preferences (application_id, slot_id) values ('bfba984a-1162-48d4-adc0-385aa141c00a', 'fdbd022a-f7d3-4aff-aa07-ee0861e135e7');
insert into public.application_slot_preferences (application_id, slot_id) values ('ff7843da-4a00-4148-aac3-db21d1052960', '0c7de28c-322e-472a-ae52-51f4756b10a8');

-- recruitment_settings
insert into public.recruitment_settings (is_open, semester, headline, body, sessions, period_start, period_end, closed_note, updated_by, updated_at) values (true, '2026-2학기 신입 모집', '보컬 · 건반 세션 우대', '카카오 로그인 후 지원서를 작성하면 면접 일정을 안내드립니다.', ARRAY['보컬','건반']::text[], '2026-08-25', '2026-09-12', '이번 학기 신입 부원 모집은 마감되었습니다. 다음 모집 일정은 공지를 통해 안내드릴게요.', '94ec4e08-13e4-48d2-a7c7-d0d20e739961', '2026-06-10 14:22:00');

-- notices
insert into public.notices (id, kind, tag, pinned, author_id, title, body, rich, views, created_at, updated_at) values ('ed198a8e-8fb1-4ca9-afe7-8da0ac1b8682', 'admin', '공연', true, '94ec4e08-13e4-48d2-a7c7-d0d20e739961', '2026 정기공연 〈청림, 소리내다〉 라인업 확정', '9월 정기공연 〈청림, 소리내다〉 무대에 오를 6개 팀이 최종 확정되었습니다.

■ 일시 — 2026.09.20(토) 18:00
■ 장소 — 학생회관 대강당
■ 출연 — 확정 6개 팀 (순서 추후 공지)

각 팀 셋리스트는 이번 주 내로 합주실 게시판과 플랫폼에 함께 부착됩니다. 음향·조명 리허설 일정은 8월 말 별도 공지하며, 전 팀 필수 참석입니다.

무대 관련 문의는 운영진(도형·준)에게 남겨주세요.', false, 412, '2026-06-08 21:40:00', '2026-06-09 10:12:00');
insert into public.notices (id, kind, tag, pinned, author_id, title, body, rich, views, created_at, updated_at) values ('f783c295-4411-4ab5-a5df-99643816ac36', 'admin', '합주실', true, '94ec4e08-13e4-48d2-a7c7-d0d20e739961', '합주실 예약 규칙 변경 안내 (2시간 단위)', '합주실 예약 단위가 기존 1시간에서 2시간으로 변경됩니다. 짧은 예약이 반복되며 전환 시간 낭비가 커진다는 의견을 반영했습니다.

■ 적용 — 2026.06.10(월) 예약분부터
■ 단위 — 2시간 (평일 야간 한정 1시간 연장 가능)
■ 노쇼 — 2회 누적 시 2주간 예약 제한

예약 변경·취소는 사용 24시간 전까지 플랫폼에서 가능합니다. 규칙 관련 의견은 댓글이 아닌 운영진 채널로 부탁드립니다.', false, 388, '2026-06-05 14:03:00', '2026-06-05 14:03:00');
insert into public.notices (id, kind, tag, pinned, author_id, title, body, rich, views, created_at, updated_at) values ('23bdf931-5c59-4fc3-a9ef-24b41cd0a453', 'admin', '공연', false, '94ec4e08-13e4-48d2-a7c7-d0d20e739961', '9월 정기공연 준비 일정 및 대관 계획', '정기공연까지의 전체 준비 일정을 공유합니다.

• 6월 — 팀 편성·곡 선정 마감
• 7월 — 합주 주 2회 의무화, 중간 점검
• 8월 — 음향 대관 확정, 포스터·티켓 제작
• 9월 — 리허설 2회, 본 공연

대관은 대강당으로 가닥이 잡혔으며, 예산안은 회계 공지를 함께 참고해 주세요. 팀별 진행 상황은 매주 운영진이 점검합니다.', false, 301, '2026-06-02 19:25:00', '2026-06-02 19:25:00');
insert into public.notices (id, kind, tag, pinned, author_id, title, body, rich, views, created_at, updated_at) values ('a8575778-e1b2-4e57-a859-0bfed0995104', 'admin', '회계', false, '8c00c7b5-ce8e-4f51-ad35-5643e0f0fe0d', '상반기 회비(3만원) 납부 안내', '상반기 회비 납부 안내드립니다.

■ 금액 — 30,000원
■ 기한 — 2026.06.15(일)까지
■ 입금 — 청림그룹사운드 (국민 000-00-0000)

회비는 합주실 비품 구입, 공연 대관·음향, MT 등 동아리 운영 전반에 사용됩니다. 입금 시 받는 분에 본인 이름을 꼭 기재해 주세요. 사정이 있는 경우 운영진에게 개별 문의 바랍니다.', false, 356, '2026-05-28 11:10:00', '2026-05-28 11:10:00');
insert into public.notices (id, kind, tag, pinned, author_id, title, body, rich, views, created_at, updated_at) values ('77e2acaf-b0a4-49ab-ab2a-0e0b3834c2e4', 'admin', '합주실', false, '94ec4e08-13e4-48d2-a7c7-d0d20e739961', '합주실 장비 점검 — 6월 18일 오전 사용 불가', '앰프 및 드럼 정기 점검으로 아래 시간 합주실 사용이 제한됩니다.

■ 일시 — 2026.06.18(목) 09:00 ~ 13:00
■ 내용 — 앰프 점검, 드럼 헤드 교체, 케이블 정리

오후 1시부터 정상 운영하며, 해당 시간대 예약은 자동 취소됩니다. 점검 후 장비 이상이 발견되면 운영진에게 알려주세요.', false, 240, '2026-05-18 09:30:00', '2026-05-18 09:30:00');
insert into public.notices (id, kind, tag, pinned, author_id, title, body, rich, views, created_at, updated_at) values ('d22a061b-12a7-4978-a831-5ea285141d09', 'admin', '회계', false, '8c00c7b5-ce8e-4f51-ad35-5643e0f0fe0d', '4월 회계 내역 공개', '4월 한 달간의 수입·지출 내역을 공개합니다.

• 수입 — 회비 1,440,000원
• 지출 — 합주실 소모품 86,000원, 버스킹 장비 대여 120,000원
• 잔액 — 이월 포함 3,212,000원

자세한 항목은 첨부 문서를 참고해 주시고, 문의는 회계(준)에게 부탁드립니다.', false, 198, '2026-05-02 22:05:00', '2026-05-02 22:05:00');
insert into public.notices (id, kind, tag, pinned, author_id, title, body, rich, views, created_at, updated_at) values ('628c3fe1-ce07-4596-a18f-0726add8d4be', 'user', '모집', true, '5a77a124-3403-43e6-a150-dcc248b65fbd', '록 밴드 같이 하실 분! 드럼 급구합니다 🥁', '9월 공연 목표로 록 밴드 팀 꾸리고 있어요. 현재 기타(저)·베이스·보컬 모였고 드럼만 구하면 바로 시작합니다!

• 장르 — 모던록 / 펑크록 (위저, 그린데이 느낌)
• 합주 — 주 2회, 평일 저녁 위주
• 실력 — 기본 8비트 + 합주 경험 있으면 환영

관심 있으면 댓글이나 DM 주세요. 같이 무대 서요!', false, 174, '2026-06-07 23:18:00', '2026-06-07 23:18:00');
insert into public.notices (id, kind, tag, pinned, author_id, title, body, rich, views, created_at, updated_at) values ('45b52fa9-d1c6-4ef6-a976-dc95e1dc9261', 'user', '모집', false, 'f1dfb42e-be13-4f37-af73-fdfc2f9dbb85', '보컬+기타 어쿠스틱 듀오 하실 분 찾아요', '잔잔한 어쿠스틱 듀오 같이 하실 기타 세션 구해요. 버스킹이나 소규모 무대 위주로 가볍게 시작해보고 싶어요.

좋아하는 곡 위주로 편하게 맞춰가요. 커버곡 리스트는 따로 정리해뒀습니다. 부담 없이 연락 주세요 :)', false, 121, '2026-06-04 20:42:00', '2026-06-04 20:42:00');
insert into public.notices (id, kind, tag, pinned, author_id, title, body, rich, views, created_at, updated_at) values ('e1646b0d-b4e4-4afc-a4c4-bcbf8c12ff4c', 'user', '자유', false, 'f65b761d-f85b-4c13-aa0b-0e035d77f723', '이펙터 공동구매 하실 분 (마감 임박)', '멀티 이펙터 공동구매 모집합니다. 5명 이상이면 배송비 무료에 추가 할인까지 가능해요.

현재 3명 모였고, 2명만 더 모으면 됩니다. 모델·가격은 댓글에 정리해둘게요. 참여 원하시는 분 댓글 남겨주세요!', false, 96, '2026-05-30 13:55:00', '2026-05-30 13:55:00');
insert into public.notices (id, kind, tag, pinned, author_id, title, body, rich, views, created_at, updated_at) values ('892a941c-fe5f-4182-af57-3ad96a9d92b6', 'user', '행사', false, '959536c5-c590-45ea-ac41-218d600057d0', '여름 MT 〈리프〉 같이 가요 — 사전 수요 조사', '7월 셋째 주 1박 2일 MT 어떠세요? 펜션 잡아서 합주하고 바베큐하고 놀다 오는 컨셉이에요.

인원 파악되면 장소·회비 정해서 다시 공지할게요. 갈 생각 있으신 분들 댓글로 인원 남겨주시면 감사하겠습니다!', false, 143, '2026-05-21 18:30:00', '2026-05-21 18:30:00');
insert into public.notices (id, kind, tag, pinned, author_id, title, body, rich, views, created_at, updated_at) values ('f53fafc1-afd1-4813-a432-871eef9195d3', 'user', '자유', false, '8a15cfc4-e30d-4e04-ac7b-279139d5c4f3', '오늘 합주 끝나고 뒷풀이 하실 분~', '오늘 저녁 합주 마치고 근처에서 가볍게 한잔 어떠세요? 합주실 앞에서 9시쯤 모일 생각이에요.

오는 사람 봐서 자리 잡을게요. 편하게 와주세요!', false, 88, '2026-05-16 17:02:00', '2026-05-16 17:02:00');
insert into public.notices (id, kind, tag, pinned, author_id, title, body, rich, views, created_at, updated_at) values ('5c2724db-713b-4d14-af34-c46f39d9243b', 'user', '후기', false, 'f1dfb42e-be13-4f37-af73-fdfc2f9dbb85', '버스킹 〈봄밤〉 후기 + 사진 공유합니다', '지난 주말 교내 버스킹에 함께해 주신 모든 분들 너무 고생 많으셨어요!

날씨도 좋고 사람도 많이 모여서 진짜 즐거웠습니다. 현장 사진은 단체 채널에 올려뒀으니 각자 마음에 드는 사진 가져가세요. 다음 버스킹도 기대해 주세요 🎸', false, 207, '2026-05-09 23:50:00', '2026-05-09 23:50:00');

-- notice_images
insert into public.notice_images (notice_id, url, name, ord) values ('5c2724db-713b-4d14-af34-c46f39d9243b', 'data:image/svg+xml,%3Csvg xmlns=''http://www.w3.org/2000/svg'' width=''480'' height=''320''%3E%3Cdefs%3E%3ClinearGradient id=''a'' x1=''0'' y1=''0'' x2=''1'' y2=''1''%3E%3Cstop offset=''0'' stop-color=''%23C77F4A''/%3E%3Cstop offset=''1'' stop-color=''%23151A26''/%3E%3C/linearGradient%3E%3C/defs%3E%3Crect width=''480'' height=''320'' fill=''url(%23a)''/%3E%3Ctext x=''30'' y=''292'' fill=''%23fff'' font-family=''sans-serif'' font-size=''21'' opacity=''0.9''%3E버스킹 〈봄밤〉 ①%3C/text%3E%3C/svg%3E', 'busking_01.jpg', 0);
insert into public.notice_images (notice_id, url, name, ord) values ('5c2724db-713b-4d14-af34-c46f39d9243b', 'data:image/svg+xml,%3Csvg xmlns=''http://www.w3.org/2000/svg'' width=''480'' height=''320''%3E%3Cdefs%3E%3ClinearGradient id=''b'' x1=''0'' y1=''0'' x2=''1'' y2=''1''%3E%3Cstop offset=''0'' stop-color=''%235B8EC7''/%3E%3Cstop offset=''1'' stop-color=''%23151A26''/%3E%3C/linearGradient%3E%3C/defs%3E%3Crect width=''480'' height=''320'' fill=''url(%23b)''/%3E%3Ctext x=''30'' y=''292'' fill=''%23fff'' font-family=''sans-serif'' font-size=''21'' opacity=''0.9''%3E버스킹 〈봄밤〉 ②%3C/text%3E%3C/svg%3E', 'busking_02.jpg', 1);

-- notice_comments / notice_replies
insert into public.notice_comments (id, notice_id, author_id, body, created_at) values ('e732ee86-78b0-46e2-a8e0-e57525426819', '628c3fe1-ce07-4596-a18f-0726add8d4be', 'b8f4cd06-bc1e-403d-abfb-017ed782a63b', '드럼 칩니다! 8비트는 자신 있어요. 합주 시간 맞으면 참여하고 싶어요 :)', '2026-06-08 09:12:00');
insert into public.notice_replies (id, comment_id, parent_reply_id, author_id, body, created_at) values ('76188b4e-0feb-48e5-aec0-9c649b10dd99', 'e732ee86-78b0-46e2-a8e0-e57525426819', NULL, '5a77a124-3403-43e6-a150-dcc248b65fbd', '오 반가워요! 평일 저녁 위주인데 가능하실까요?', '2026-06-08 09:40:00');
insert into public.notice_replies (id, comment_id, parent_reply_id, author_id, body, created_at) values ('051ff1e1-4f3c-4e69-ad7b-9c80d48d9b12', 'e732ee86-78b0-46e2-a8e0-e57525426819', '76188b4e-0feb-48e5-aec0-9c649b10dd99', 'b8f4cd06-bc1e-403d-abfb-017ed782a63b', '@하늘 네 평일 저녁 대부분 괜찮아요!', '2026-06-08 09:55:00');
insert into public.notice_replies (id, comment_id, parent_reply_id, author_id, body, created_at) values ('921b652e-672f-40c7-a8df-4808843e83d5', 'e732ee86-78b0-46e2-a8e0-e57525426819', '051ff1e1-4f3c-4e69-ad7b-9c80d48d9b12', '5a77a124-3403-43e6-a150-dcc248b65fbd', '@다른부원 그럼 수요일 7시로 잡을까요?', '2026-06-08 10:03:00');
insert into public.notice_replies (id, comment_id, parent_reply_id, author_id, body, created_at) values ('8aebcaf1-73ff-4680-a005-49b3f29d613f', 'e732ee86-78b0-46e2-a8e0-e57525426819', '921b652e-672f-40c7-a8df-4808843e83d5', 'b8f4cd06-bc1e-403d-abfb-017ed782a63b', '@하늘 좋아요 확정이요!', '2026-06-08 10:10:00');
insert into public.notice_replies (id, comment_id, parent_reply_id, author_id, body, created_at) values ('8e4139a1-25c5-43e1-a2cb-05faa148f627', 'e732ee86-78b0-46e2-a8e0-e57525426819', NULL, '4597fd77-01bd-4779-a459-b936dbd17f79', '저도 베이스로 낄 수 있을까요?', '2026-06-08 10:30:00');
insert into public.notice_replies (id, comment_id, parent_reply_id, author_id, body, created_at) values ('f3f49f5e-efcc-4c69-ab00-0dd0b112a404', 'e732ee86-78b0-46e2-a8e0-e57525426819', '8e4139a1-25c5-43e1-a2cb-05faa148f627', 'b8f4cd06-bc1e-403d-abfb-017ed782a63b', '@부원 당연하죠! 같이해요 ㅎㅎ', '2026-06-08 10:45:00');
insert into public.notice_comments (id, notice_id, author_id, body, created_at) values ('bafd2e3f-0ef0-44b3-a701-661ac1123c9b', '628c3fe1-ce07-4596-a18f-0726add8d4be', '5a77a124-3403-43e6-a150-dcc248b65fbd', '오 좋아요! DM 드릴게요 🙌', '2026-06-08 10:01:00');
insert into public.notice_comments (id, notice_id, author_id, body, created_at) values ('f8aee3ce-2b8a-4f97-a319-7424a34c4f52', 'e1646b0d-b4e4-4afc-a4c4-bcbf8c12ff4c', '4597fd77-01bd-4779-a459-b936dbd17f79', '저요! 모델 뭐 생각하고 계세요?', '2026-05-30 14:20:00');
insert into public.notice_comments (id, notice_id, author_id, body, created_at) values ('95331229-21e0-41eb-a256-32a9e54f6d6f', '892a941c-fe5f-4182-af57-3ad96a9d92b6', 'c3ed48dc-0477-43a0-aac1-6f2b84b57a00', '2명이요~ 친구도 데려갈게요', '2026-05-21 19:05:00');
insert into public.notice_comments (id, notice_id, author_id, body, created_at) values ('1b4407b5-b545-454d-a814-d8157895b2e4', '892a941c-fe5f-4182-af57-3ad96a9d92b6', '8a15cfc4-e30d-4e04-ac7b-279139d5c4f3', '저도 갈래요!! 펜션 추천 있으면 알려주세요', '2026-05-21 21:30:00');
insert into public.notice_replies (id, comment_id, parent_reply_id, author_id, body, created_at) values ('6aedbfba-3484-4b31-abf3-f3dfa2acadf1', '1b4407b5-b545-454d-a814-d8157895b2e4', NULL, '959536c5-c590-45ea-ac41-218d600057d0', '가평 쪽으로 알아보고 있어요. 정해지면 공지할게요!', '2026-05-21 22:10:00');

-- references_info
insert into public.references_info (id, icon, label, value, secret, note, ord) values ('0893b561-7739-4720-a85a-3d9895f919b9', 'lock', '동방 비밀번호', '1204', true, '분실 우려가 있으니 외부 공유 금지. 변경 시 운영진이 재공지합니다.', 0);
insert into public.references_info (id, icon, label, value, secret, note, ord) values ('a2edb38d-dbc0-4048-a6bf-b268aeb09fe5', 'book', '동아리방 운영 수칙', '08:00 – 24:00', false, '마지막 사용자가 소등·문단속. 음식물 반입 금지, 개인 짐은 사물함만 사용.', 1);
insert into public.references_info (id, icon, label, value, secret, note, ord) values ('b7b84452-620b-462c-a26a-39a6f5f02753', 'guitar', '장비 사용 수칙', '사용 후 원위치', false, '앰프 볼륨 6 이하, 드럼 스틱 개인 지참, 케이블은 8자 정리. 고장 시 즉시 운영진에 보고.', 2);

-- reports
insert into public.reports (id, category, title, body, anonymous, reporter_id, status, reply, reply_author_id, reply_at, created_at, updated_at) values ('77a09cab-9504-409c-ae71-5f3f0c39c979', 'gear', '합주실 A 기타 앰프 잡음', '주말 합주 때 앰프에서 지지직 잡음이 계속 났어요. 케이블을 바꿔도 동일합니다. 점검 부탁드려요.', false, '8a15cfc4-e30d-4e04-ac7b-279139d5c4f3', 'resolved', '확인해보니 앰프 인풋 잭 접촉 불량이었어요. 6월 11일에 잭을 교체하고 테스트까지 마쳤습니다. 같은 증상이 다시 생기면 바로 알려주세요. 제보 감사합니다!', '94ec4e08-13e4-48d2-a7c7-d0d20e739961', '2026-06-11 13:20:00', '2026-06-10 21:14:00', '2026-06-11 13:20:00');
insert into public.reports (id, category, title, body, anonymous, reporter_id, status, reply, reply_author_id, reply_at, created_at, updated_at) values ('f8e08ed5-1bce-419c-ac6c-67f4fa1a612a', 'noshow', '금요일 저녁 예약 노쇼 반복', '금요일 야간 예약이 비는 경우가 잦아요. 노쇼 패널티를 강화해주시면 좋겠습니다.', true, '8a15cfc4-e30d-4e04-ac7b-279139d5c4f3', 'reviewing', NULL, NULL, NULL, '2026-06-04 10:02:00', '2026-06-04 10:02:00');
insert into public.reports (id, category, title, body, anonymous, reporter_id, status, reply, reply_author_id, reply_at, created_at, updated_at) values ('89deeca6-9546-4167-a8ce-022c6537ed10', 'conduct', '합주 중 고성·다툼', '특정 팀 합주 중 큰 소리로 다투는 일이 있었습니다. 확인 부탁드려요.', true, 'c3ed48dc-0477-43a0-aac1-6f2b84b57a00', 'received', NULL, NULL, NULL, '2026-06-02 23:40:00', '2026-06-02 23:40:00');
insert into public.reports (id, category, title, body, anonymous, reporter_id, status, reply, reply_author_id, reply_at, created_at, updated_at) values ('9b8501d2-e562-4bb6-af2a-95c06f7c89cf', 'suggest', '사물함 증설 요청', '개인 장비를 보관할 사물함이 부족합니다. 증설을 검토 부탁드립니다.', false, '7fda8e5c-0710-4038-a245-e6f91196b35b', 'resolved', '좋은 제안 감사해요. 학생회 예산으로 사물함 8칸을 추가 신청했고, 6월 말 합주실 B 입구에 설치 예정입니다. 배정 방식은 별도 공지로 안내드릴게요.', 'efe23c13-0424-48fd-ad97-23c4fbbdd475', '2026-06-05 16:40:00', '2026-05-28 14:20:00', '2026-06-05 16:40:00');
insert into public.reports (id, category, title, body, anonymous, reporter_id, status, reply, reply_author_id, reply_at, created_at, updated_at) values ('894762b1-cf3d-4784-a086-7dbf68b8d9b5', 'gear', '드럼 하이햇 스탠드 흔들림', '하이햇 스탠드 나사가 헐거워 합주 중 자꾸 흔들립니다.', false, '5a77a124-3403-43e6-a150-dcc248b65fbd', 'received', NULL, NULL, NULL, '2026-05-22 19:05:00', '2026-05-22 19:05:00');

-- notifications (mock 은 단일 사용자(ME) 전제이므로 전부 ME 수신)
insert into public.notifications (id, recipient_id, type, title, body, target_screen, target_params, read, created_at) values ('8e7a7f7e-9fc3-4d5b-a946-7a6ba6e9ef28', '8a15cfc4-e30d-4e04-ac7b-279139d5c4f3', 'notice', '새 운영진 공지', '2026 정기공연 〈청림, 소리내다〉 라인업이 확정되었어요.', 'notice-detail', '{"id":"n1"}'::jsonb, false, '2026-06-13 19:30:00');
insert into public.notifications (id, recipient_id, type, title, body, target_screen, target_params, read, created_at) values ('720c8244-2e06-46a5-aa0e-8d6e5c25868b', '8a15cfc4-e30d-4e04-ac7b-279139d5c4f3', 'comment', '내 글에 댓글이 달렸어요', '박지훈 — "저도 갈래요!! 9시까지 합주실 앞으로 갈게요 🍻"', 'notice-detail', '{"id":"u5"}'::jsonb, false, '2026-06-13 18:40:00');
insert into public.notifications (id, recipient_id, type, title, body, target_screen, target_params, read, created_at) values ('cb81b0da-c0ea-42cc-a96c-e1ff844e60cb', '8a15cfc4-e30d-4e04-ac7b-279139d5c4f3', 'team', '팀 합류 제안', '''오버드라이브'' 팀에서 보컬 세션으로 함께하자고 제안했어요.', 'teams', NULL, false, '2026-06-13 16:40:00');
insert into public.notifications (id, recipient_id, type, title, body, target_screen, target_params, read, created_at) values ('78f4a891-dfe0-4613-aefd-b0bee62ce323', '8a15cfc4-e30d-4e04-ac7b-279139d5c4f3', 'report', '신고가 처리됐어요', '''합주실 A 기타 앰프 잡음'' 제보가 처리 완료로 변경됐어요.', 'report', NULL, true, '2026-06-12 10:00:00');
insert into public.notifications (id, recipient_id, type, title, body, target_screen, target_params, read, created_at) values ('dae302bf-5dd4-430f-ae48-f5ed0c7f4fc5', '8a15cfc4-e30d-4e04-ac7b-279139d5c4f3', 'schedule', '오늘 합주가 있어요', '야간비행 · 18:00–20:00 · 합주실 A', 'timetable', NULL, true, '2026-06-12 09:00:00');
insert into public.notifications (id, recipient_id, type, title, body, target_screen, target_params, read, created_at) values ('f5db785e-e0bb-4a2f-a875-f60c202ac27d', '8a15cfc4-e30d-4e04-ac7b-279139d5c4f3', 'system', '회비 납부 마감 D-3', '상반기 회비(30,000원) 납부 기한이 6월 15일까지예요.', 'notice-detail', '{"id":"n4"}'::jsonb, true, '2026-06-11 12:00:00');
insert into public.notifications (id, recipient_id, type, title, body, target_screen, target_params, read, created_at) values ('c863da48-0e4f-4d33-a45d-7f695fc74545', '8a15cfc4-e30d-4e04-ac7b-279139d5c4f3', 'comment', '답글이 달렸어요', '하늘 — "오 반가워요! 평일 저녁 위주인데 가능하실까요?"', 'notice-detail', '{"id":"u1"}'::jsonb, true, '2026-06-09 12:00:00');

-- terms
insert into public.terms (id, type, label, start_date, end_date, book_open_date, book_open_time) values ('7b7273c7-7eb2-40eb-adac-c73df393146e', 'semester', '2026-1학기', '2026-03-02', '2026-06-21', '2026-02-26', '20:00');
insert into public.terms (id, type, label, start_date, end_date, book_open_date, book_open_time) values ('8fd8938a-fb14-40fa-a92f-8d22b142e166', 'vacation', '여름방학', '2026-06-22', '2026-08-31', '2026-06-19', '18:00');
insert into public.terms (id, type, label, start_date, end_date, book_open_date, book_open_time) values ('15db9375-f877-4a80-af61-6d80155c5dda', 'semester', '2026-2학기', '2026-09-01', '2026-12-20', '2026-08-28', '20:00');

-- room_hours_config
insert into public.room_hours_config (type, weekday_open, weekday_close, weekend_open, weekend_close) values ('semester', 8, 22, 8, 19);
insert into public.room_hours_config (type, weekday_open, weekday_close, weekend_open, weekend_close) values ('vacation', 8, 19, 8, 19);

-- calendar_events
insert into public.calendar_events (id, kind, label, start_date, end_date, all_day, start_hour, end_hour, note, created_by) values ('0e03b592-94a9-495a-a7a8-7819b4eec73c', 'closed', '합주실 장비 점검', '2026-06-18', '2026-06-18', false, 9, 13, '앰프 점검·드럼 헤드 교체로 오전 사용이 제한됩니다.', '94ec4e08-13e4-48d2-a7c7-d0d20e739961');
insert into public.calendar_events (id, kind, label, start_date, end_date, all_day, start_hour, end_hour, note, created_by) values ('baa2fd94-7111-46f1-ab7e-51ac2e40c47a', 'closed', '기말고사 합주실 휴무', '2026-06-15', '2026-06-21', true, NULL, NULL, '시험기간 동안 합주실 운영을 중단합니다.', '94ec4e08-13e4-48d2-a7c7-d0d20e739961');
insert into public.calendar_events (id, kind, label, start_date, end_date, all_day, start_hour, end_hour, note, created_by) values ('3b92f0e3-9e52-40d8-ad92-3d824e6ad841', 'event', '정기공연 리허설 주간', '2026-09-14', '2026-09-20', false, 18, 22, '정기공연 〈청림, 소리내다〉 무대 준비 — 저녁 시간 합주실 우선 배정.', '94ec4e08-13e4-48d2-a7c7-d0d20e739961');
insert into public.calendar_events (id, kind, label, start_date, end_date, all_day, start_hour, end_hour, note, created_by) values ('367f1ad2-2ed3-4a77-a591-ff23571dfad9', 'event', '여름 MT 〈리프〉', '2026-07-25', '2026-07-26', true, NULL, NULL, '1박 2일 워크숍 · 합주실 정기 예약 미운영.', '94ec4e08-13e4-48d2-a7c7-d0d20e739961');

-- booking_templates (정기예약)
insert into public.booking_templates (id, team_id, term_id, day_of_week, start_hour, length_hours, created_by) values ('267e4206-dadd-4fbe-a2d6-a2b821761fc0', '1003f556-17cf-40ad-aa2c-a4c88279d36f', '7b7273c7-7eb2-40eb-adac-c73df393146e', 0, 18, 2, '94ec4e08-13e4-48d2-a7c7-d0d20e739961');
insert into public.booking_templates (id, team_id, term_id, day_of_week, start_hour, length_hours, created_by) values ('a7257635-9291-4ec6-ac6b-f6acc7d043e2', '5ad4b3a7-5593-4266-a093-48c495177d47', '7b7273c7-7eb2-40eb-adac-c73df393146e', 0, 20, 2, 'f1dfb42e-be13-4f37-af73-fdfc2f9dbb85');
insert into public.booking_templates (id, team_id, term_id, day_of_week, start_hour, length_hours, created_by) values ('69ac8520-7e54-4a4b-af98-ee92cf4fe4a9', 'ae5abdbe-61c7-454a-a55b-976aec35f142', '7b7273c7-7eb2-40eb-adac-c73df393146e', 1, 19, 2, '914c2193-f614-480c-af42-971880514f27');
insert into public.booking_templates (id, team_id, term_id, day_of_week, start_hour, length_hours, created_by) values ('979dfb7b-57aa-4bbe-a91d-af17dbbe16c0', 'af8ffdaf-9c7b-4fb9-ad07-7ffb89f57169', '7b7273c7-7eb2-40eb-adac-c73df393146e', 2, 20, 2, 'f65b761d-f85b-4c13-aa0b-0e035d77f723');
insert into public.booking_templates (id, team_id, term_id, day_of_week, start_hour, length_hours, created_by) values ('81fd907f-5e62-4e08-ac53-2f619d9ed467', '1003f556-17cf-40ad-aa2c-a4c88279d36f', '7b7273c7-7eb2-40eb-adac-c73df393146e', 3, 18, 3, '94ec4e08-13e4-48d2-a7c7-d0d20e739961');
insert into public.booking_templates (id, team_id, term_id, day_of_week, start_hour, length_hours, created_by) values ('d5647e5b-63e5-4d59-ac5f-ff7ef0bc92ef', '5ad4b3a7-5593-4266-a093-48c495177d47', '7b7273c7-7eb2-40eb-adac-c73df393146e', 4, 19, 2, 'f1dfb42e-be13-4f37-af73-fdfc2f9dbb85');
insert into public.booking_templates (id, team_id, term_id, day_of_week, start_hour, length_hours, created_by) values ('c1a2e7f6-10db-47b3-a313-225deb69b32c', 'ae1b7613-4756-4932-ab86-b1ae8ce3da93', '7b7273c7-7eb2-40eb-adac-c73df393146e', 5, 10, 2, '4103bbfd-32a7-4d73-a500-feaa5fd516ce');
insert into public.booking_templates (id, team_id, term_id, day_of_week, start_hour, length_hours, created_by) values ('b17147a5-3324-4f13-a09e-413a6b80d7c6', 'ae5abdbe-61c7-454a-a55b-976aec35f142', '7b7273c7-7eb2-40eb-adac-c73df393146e', 6, 14, 2, '914c2193-f614-480c-af42-971880514f27');

-- bookings (단발예약, 날짜는 TT_ANCHOR_MON(2026-06-09, 월요일) 기준 데모 주간)
insert into public.bookings (id, team_id, booking_date, start_hour, length_hours, kind, created_by) values ('e79fcec1-c6a8-44d4-a350-d4de00c3aa23', 'ae1b7613-4756-4932-ab86-b1ae8ce3da93', '2026-06-11', 16, 2, 'oneoff', '4103bbfd-32a7-4d73-a500-feaa5fd516ce');
insert into public.bookings (id, team_id, booking_date, start_hour, length_hours, kind, created_by) values ('dc976510-73fc-4afe-ae75-6273756f780a', 'd4b87e86-3898-4046-adf4-cf05a71b391c', '2026-06-13', 16, 2, 'oneoff', '8c00c7b5-ce8e-4f51-ad35-5643e0f0fe0d');
insert into public.bookings (id, team_id, booking_date, start_hour, length_hours, kind, created_by) values ('b129ff0a-b986-4b4a-ad65-56af2d947870', 'ae5abdbe-61c7-454a-a55b-976aec35f142', '2026-06-13', 21, 1, 'oneoff', '914c2193-f614-480c-af42-971880514f27');
insert into public.bookings (id, team_id, booking_date, start_hour, length_hours, kind, created_by) values ('e035006c-2a8b-4a1e-a2a3-2410a8ce2c6e', '5ad4b3a7-5593-4266-a093-48c495177d47', '2026-06-15', 16, 2, 'oneoff', 'f1dfb42e-be13-4f37-af73-fdfc2f9dbb85');

